Workbook

Sheet Manual Process
A1: MANUAL UNDERWRITING PROCESS - DETAILED COST MODEL
A2: All BLUE values are inputs that can be modified for scenario analysis
A4: SECTION 1: TIME ANALYSIS (per 1000-page case)
A5: Task | B5: Hours (Low) | C5: Hours (High) | D5: Average | E5: Source/Citation
A6: Text Extraction (reading pages) | B6: 25 | C6: 40 | D6: =(B6+C6)/2 -> 32.5 | E6: WiseDocs: AI 750 pg/hr vs ~25 pg/hr human
A7: Note Taking & Summarization | B7: 40 | C7: 60 | D7: =(B7+C7)/2 -> 50 | E7: Industry: 2-3 min/page detailed review
A8: Discrepancy Detection | B8: 20 | C8: 40 | D8: =(B8+C8)/2 -> 30 | E8: Manual Ctrl+F keyword searching
A9: Evidence Q&A & Verification | B9: 10 | C9: 20 | D9: =(B9+C9)/2 -> 15 | E9: Re-reading sections for answers
A10: Report Writing | B10: 8 | C10: 15 | D10: =(B10+C10)/2 -> 11.5 | E10: Final underwriting report
A11: Administrative Tasks | B11: 5 | C11: 5 | D11: =(B11+C11)/2 -> 5 | E11: Filing, communication, docs
A13: TOTAL HOURS (Low Estimate) | B13: =SUM(B6:B11) -> 108 | C13: hours
A14: TOTAL HOURS (High Estimate) | B14: =SUM(C6:C11) -> 180 | C14: hours
A15: AVERAGE HOURS PER CASE | B15: =(B13+B14)/2 -> 144 | C15: hours
A16: TOTAL MINUTES PER CASE | B16: =B15*60 -> 8640 | C16: minutes
A18: SECTION 2: LABOR COST ANALYSIS
A19: Parameter | B19: Value | C19: Unit | D19: Source/Citation
A20: Avg Underwriter Salary | B20: 80000 | C20: USD/year | D20: BLS: Median $79,880 (May 2024)
A21: Benefits & Overhead Multiplier | B21: 1.4 | C21: x | D21: Industry: 30-50% overhead
A22: Fully Loaded Cost per Analyst | B22: =B20*B21 -> 112000 | C22: USD/year | D22: Salary x Multiplier
A23: Working Hours per Year | B23: 2080 | C23: hours | D23: 52 weeks x 40 hrs
A24: Productivity Factor | B24: 0.8 | D24: 80% productive time
A25: Productive Hours per Year | B25: =B23*B24 -> 1664 | C25: hours | D25: Work hrs x Productivity
A26: Hours per Case | B26: =B15 -> 144 | C26: hours | D26: From Section 1
A27: Cases per Analyst per Year | B27: =B25/B26 -> 11.555556 | C27: cases | D27: Productive hrs / Hrs per case
A28: Team Size Required | B28: 10 | C28: analysts | D28: For 50 cases/month
A29: Working Days per Year | B29: 250 | C29: days | D29: Standard
A30: Cases per Analyst per Day | B30: =B27/B29 -> 0.046222222 | C30: cases | D30: Annual cases / Work days
A32: SECTION 3: TOTAL COST CALCULATION
A33: Metric | B33: Value | C33: Unit | D33: Calculation
A34: Annual Cost per Analyst | B34: =B22 -> 112000 | C34: USD | D34: Fully loaded cost
A35: Team Size | B35: =B28 -> 10 | C35: analysts | D35: From above
A36: TOTAL ANNUAL OPERATING COST | B36: =B34*B35 -> 1120000 | C36: USD/year | D36: Cost per analyst x Team size
A38: Monthly Case Capacity | B38: =B27*B35/12 -> 9.6296296 | C38: cases/month | D38: Annual cases x Team / 12
A39: Annual Case Capacity | B39: =B27*B35 -> 115.55556 | C39: cases/year | D39: Cases per analyst x Team
A41: COST PER CASE | B41: =B36/B39 -> 9692.3077 | C41: USD/case | D41: Annual cost / Annual cases

Sheet Automated Process
A1: AUTOMATED UNDERWRITING PROCESS - DETAILED COST MODEL
A2: All BLUE values are inputs that can be modified for scenario analysis
A4: SECTION 1: PROCESSING TIME (per 1000-page case)
A5: Stage | B5: Time (min) | C5: Technology | D5: Optimization | E5: Source/Citation
A6: OCR Processing | B6: 3.5 | C6: Azure Document Intelligence | D6: Parallel OCR (4 workers) | E6: Layout: $1.50/1K pages
A7: Intelligent Chunking | B7: 0.5 | C7: Python tiktoken | D7: 50K token sliding window | E7: In-memory, no API cost
A8: LLM Summarization | B8: 4 | C8: Azure OpenAI GPT-5 | D8: Prompt caching + parallel | E8: 75% token cost reduction
A9: RAG Index Building | B9: 1.5 | C9: FAISS HNSW + Embeddings | D9: Parallel batch embedding | E9: O(log n) search
A10: Application Analysis | B10: 1.5 | C10: GPT-4o + RAG | D10: Batch pre-fetching | E10: 5 parallel searches
A11: Overhead/Buffer | B11: 1 | C11: System | D11: Network, queues | E11: Buffer time
A13: TOTAL PROCESSING TIME | B13: =SUM(B6:B11) -> 12 | C13: minutes per case
A15: SECTION 2: AZURE SERVICE COSTS (per case)
A16: Service | B16: Usage | C16: Unit | D16: Unit Price ($) | E16: Cost/Case ($) | F16: Source
A17: Document Intelligence (Layout) | B17: 1000 | C17: pages | D17: 0.0015 | E17: =B17*D17 -> 1.5 | F17: Azure: $1.50/1K pages
A18: OpenAI GPT-5 Input Tokens | B18: 500000 | C18: tokens | D18: 1.25e-06 | E18: =B18*D18 -> 0.625 | F18: Azure: $1.25/1M tokens
A19: OpenAI GPT-5 Output Tokens | B19: 50000 | C19: tokens | D19: 1e-05 | E19: =B19*D19 -> 0.5 | F19: Azure: $10/1M tokens
A20: Embeddings (text-embedding-3-large) | B20: 500000 | C20: tokens | D20: 1.3e-07 | E20: =B20*D20 -> 0.065 | F20: Azure: $0.13/1M tokens
A21: Blob Storage (monthly prorated) | B21: 100 | C21: MB | D21: 1.84e-05 | E21: =B21*D21 -> 0.00184 | F21: Azure: $0.0184/GB Hot
A22: App Service (B2 tier prorated) | B22: 0.0167 | C22: month | D22: 73 | E22: =B22*D22 -> 1.2191 | F22: Azure: ~$73/month
A24: TOTAL AZURE COST PER CASE | E24: =SUM(E17:E22) -> 3.91094
A26: SECTION 3: ANALYST OVERSIGHT COST
A27: Parameter | B27: Value | C27: Unit | D27: Notes
A28: Analysts Required (QA/Oversight) | B28: 2 | C28: analysts | D28: Review AI outputs, exceptions
A29: Salary + Benefits per Analyst | B29: ='Manual Process'!B22 -> 112000 | C29: USD/year | D29: Same as manual analysts
A30: Cases per Analyst per Month | B30: 250 | C30: cases | D30: AI handles processing
A31: Cases per Analyst per Day | B31: =B30/22 -> 11.363636 | C31: cases | D31: 22 working days/month
A33: SECTION 4: TOTAL COST CALCULATION
A34: Metric | B34: Value | C34: Unit | D34: Calculation
A35: Monthly Case Capacity | B35: =B28*B30 -> 500 | C35: cases/month | D35: Analysts x Cases per analyst
A36: Annual Case Capacity | B36: =B35*12 -> 6000 | C36: cases/year | D36: Monthly x 12
A38: Annual Azure Costs | B38: =E24*B36 -> 23465.64 | C38: USD/year | D38: Azure cost x Annual cases
A39: Annual Analyst Costs | B39: =B28*B29 -> 224000 | C39: USD/year | D39: Team size x Salary
A41: TOTAL ANNUAL OPERATING COST | B41: =B38+B39 -> 247465.64 | C41: USD/year | D41: Azure + Analyst costs
A43: COST PER CASE | B43: =B41/B36 -> 41.244273 | C43: USD/case | D43: Annual cost / Annual cases

Sheet Comparison Summary
A1: COST COMPARISON SUMMARY
A2: All values automatically calculated from Manual and Automated Process sheets
A4: Metric | B4: Manual Process | C4: Automated Process | D4: Improvement | E4: Notes
A5: Time per Case (minutes) | B5: ='Manual Process'!B16 -> 8640 | C5: ='Automated Process'!B13 -> 12 | D5: =B5/C5 -> 720 | E5: Manual / Auto
A6: Cost per Case (USD) | B6: ='Manual Process'!B41 -> 9692.3077 | C6: ='Automated Process'!B43 -> 41.244273 | D6: =B6/C6 -> 234.99766 | E6: Manual / Auto
A7: Annual Operating Cost (USD) | B7: ='Manual Process'!B36 -> 1120000 | C7: ='Automated Process'!B41 -> 247465.64 | D7: =B7-C7 -> 872534.36 | E7: Manual - Auto
A8: Team Size Required | B8: ='Manual Process'!B28 -> 10 | C8: ='Automated Process'!B28 -> 2 | D8: =B8/C8 -> 5 | E8: Manual / Auto
A9: Cases per Analyst per Day | B9: ='Manual Process'!B30 -> 0.046222222 | C9: ='Automated Process'!B31 -> 11.363636 | D9: =C9/B9 -> 245.8479 | E9: Auto / Manual
A10: Monthly Case Capacity | B10: ='Manual Process'!B38 -> 9.6296296 | C10: ='Automated Process'!B35 -> 500 | D10: =C10/B10 -> 51.923077 | E10: Auto / Manual
A11: Annual Case Capacity | B11: ='Manual Process'!B39 -> 115.55556 | C11: ='Automated Process'!B36 -> 6000 | D11: =C11/B11 -> 51.923077 | E11: Auto / Manual
A13: KEY RESULTS
A15: TOTAL ANNUAL SAVINGS | B15: =B7-C7 -> 872534.36
A17: Processing Time Improvement | B17: =D5 -> 720
A18: Cost per Case Improvement | B18: =D6 -> 234.99766
A19: Productivity Improvement | B19: =D9 -> 245.8479
A20: Capacity Improvement | B20: =D10 -> 51.923077

Sheet Citations
A1: DATA SOURCES AND CITATIONS
A3: All calculations are based on the following verified sources. Click URLs to verify.
A5: Category | B5: Source | C5: Data Point Used | D5: URL
A6: Salary | B6: U.S. Bureau of Labor Statistics | C6: Median underwriter salary: $79,880 (May 2024) | D6: https://www.bls.gov/ooh/business-and-financial/insurance-underwriters.htm
A7: Salary | B7: Glassdoor | C7: Average: $79,285/year (Jan 2026) | D7: https://www.glassdoor.com/Salaries/insurance-underwriter-salary-SRCH_KO0,21.htm
A8: Salary | B8: Indeed | C8: Average: $86,321/year | D8: https://www.indeed.com/career/insurance-underwriter/salaries
A9: Processing | B9: WiseDocs | C9: AI reviews 750 pages/hour | D9: https://www.wisedocs.ai/blogs/how-long-does-it-take-to-review-medical-records
A10: Processing | B10: DigitalOwl | C10: 72% time reduction, 97%+ accuracy | D10: https://www.digitalowl.com/
A11: APS Time | B11: Wikipedia | C11: APS takes weeks to months | D11: https://en.wikipedia.org/wiki/Attending_physician_statement
A12: APS Time | B12: Policygenius | C12: APS adds 2-4 weeks | D12: https://www.policygenius.com/life-insurance/aps/
A13: Underwriting | B13: LocalLifeAgents | C13: 4-6 weeks total underwriting time | D13: https://www.locallifeagents.com/life-insurance/underwriting/
A14: AI ROI | B14: McKinsey & Company | C14: AI cuts costs by 40% by 2030 | D14: https://www.mckinsey.com/industries/financial-services/our-insights/the-future-of-ai-in-the-insurance-industry
A15: AI ROI | B15: Deloitte | C15: AI reduces issuance time by 80% | D15: https://www.avenga.com/magazine/integrating-ai-for-smarter-risk-assessment/
A16: AI ROI | B16: Deloitte | C16: AI decreases underwriting costs 50% | D16: https://www.avenga.com/magazine/integrating-ai-for-smarter-risk-assessment/
... A23: Industry | B23: Databricks | C23: 30-50% cost reduction with AI | D23: https://www.databricks.com/blog/navigating-impact-ai-insurance-opportunities-and-challenges

Sheet Assumptions
A1: MODEL ASSUMPTIONS AND METHODOLOGY
A3: MANUAL PROCESS ASSUMPTIONS
A4: 1. Average case has ~1000 pages of medical records
A5: 2. Underwriters read at ~25-40 pages/hour with comprehension
A6: 3. Summarization requires 2-3 minutes per page for detailed notes
A7: 4. Salary data uses BLS median of $79,880, rounded to $80,000
A8: 5. Benefits overhead of 40% is industry standard (30-50% range)
A9: 6. 80% productivity accounts for meetings, training, breaks
A10: 7. Team of 10 analysts is based on processing 50 cases/month
A12: AUTOMATED PROCESS ASSUMPTIONS
A13: 1. Azure Document Intelligence Layout model: ~250 pages/minute
A14: 2. GPT-5 with prompt caching reduces token costs by ~75%
... A26: 5. Actual results may vary based on document complexity
